{"config": {"size_value": [110, 200], "dropout_rate": 0.0, "dropout_strategy": "all", "layers_filters": [32, 32, 64, 64], "expansions": [1, 6, 6], "use_mobile_net": false, "use_resnet": true, "use_additional_output": false}, "nn_fps": 35.36675872119854, "prediction_count": 753, "last_mAP": {"0.25": 0.8246700291402836, "0.5": 0.6748546881574096, "0.75": 0.6748546881574096}, "mAPs": [[29, {"0.25": 0.6507445987828371, "0.5": 0.5225319516563431, "0.75": 0.5225319516563431}], [39, {"0.25": 0.6603650586701433, "0.5": 0.5443931613836533, "0.75": 0.5443931613836533}], [49, {"0.25": 0.6830614905675437, "0.5": 0.5501024399329485, "0.75": 0.5501024399329485}], [59, {"0.25": 0.6831482462716921, "0.5": 0.5633081298328391, "0.75": 0.5633081298328391}], [69, {"0.25": 0.6965144091578777, "0.5": 0.5556032698560971, "0.75": 0.5556032698560971}], [79, {"0.25": 0.7097758256224604, "0.5": 0.5662881904448467, "0.75": 0.5662881904448467}], [89, {"0.25": 0.7167790529205642, "0.5": 0.5940415619931949, "0.75": 0.5940415619931949}], [99, {"0.25": 0.6917241981732102, "0.5": 0.5829917068777807, "0.75": 0.5829917068777807}], [109, {"0.25": 0.7561851525111446, "0.5": 0.6210525493992459, "0.75": 0.6210525493992459}], [119, {"0.25": 0.7436851736504706, "0.5": 0.6177174934907671, "0.75": 0.6177174934907671}], [129, {"0.25": 0.7581505769717255, "0.5": 0.6146140224561676, "0.75": 0.6146140224561676}], [139, {"0.25": 0.738414876039856, "0.5": 0.5930126388608985, "0.75": 0.5930126388608985}], [149, {"0.25": 0.7366963558389281, "0.5": 0.6111582093635932, "0.75": 0.6111582093635932}], [159, {"0.25": 0.7435314990792887, "0.5": 0.6116784083759447, "0.75": 0.6116784083759447}], [169, {"0.25": 0.7310264178355557, "0.5": 0.5943918523137388, "0.75": 0.5943918523137388}], [179, {"0.25": 0.8027411569021862, "0.5": 0.6499963100538733, "0.75": 0.6499963100538733}], [189, {"0.25": 0.7778380311753643, "0.5": 0.6225861783833885, "0.75": 0.6225861783833885}], [199, {"0.25": 0.7554703821806128, "0.5": 0.6247859757151161, "0.75": 0.6247859757151161}], [209, {"0.25": 0.8000769136972039, "0.5": 0.6756962096554828, "0.75": 0.6756962096554828}], [219, {"0.25": 0.786216620792892, "0.5": 0.5885441112559757, "0.75": 0.5885441112559757}], [229, {"0.25": 0.7916154669893454, "0.5": 0.6572917610803952, "0.75": 0.6572917610803952}], [239, {"0.25": 0.769535909456573, "0.5": 0.6392568844786659, "0.75": 0.6392568844786659}], [249, {"0.25": 0.7434780489588031, "0.5": 0.6236459564512787, "0.75": 0.6236459564512787}], [259, {"0.25": 0.772679356289351, "0.5": 0.6548782337704232, "0.75": 0.6548782337704232}], [269, {"0.25": 0.786642677608954, "0.5": 0.6370592538686196, "0.75": 0.6370592538686196}], [279, {"0.25": 0.7898533343134259, "0.5": 0.6552253761427428, "0.75": 0.6552253761427428}], [289, {"0.25": 0.7753018103645611, "0.5": 0.6473919404440818, "0.75": 0.6473919404440818}], [299, {"0.25": 0.7745060097915077, "0.5": 0.6539569940146309, "0.75": 0.6539569940146309}], [309, {"0.25": 0.7643691148775894, "0.5": 0.6341764450239027, "0.75": 0.6341764450239027}], [319, {"0.25": 0.7585851476656936, "0.5": 0.6428217050685927, "0.75": 0.6428217050685927}], [329, {"0.25": 0.7905431651494348, "0.5": 0.6537826954806106, "0.75": 0.6537826954806106}], [339, {"0.25": 0.7634866603345781, "0.5": 0.6479103124551395, "0.75": 0.6479103124551395}], [349, {"0.25": 0.7609137113425454, "0.5": 0.6227733620269866, "0.75": 0.6227733620269866}], [359, {"0.25": 0.7942379869180567, "0.5": 0.6429442279649065, "0.75": 0.6429442279649065}], [369, {"0.25": 0.7421788396959607, "0.5": 0.5909138060437671, "0.75": 0.5909138060437671}], [379, {"0.25": 0.7759721567362335, "0.5": 0.6245626225277316, "0.75": 0.6245626225277316}], [389, {"0.25": 0.7664717766508711, "0.5": 0.626213753596478, "0.75": 0.626213753596478}], [399, {"0.25": 0.786088598814356, "0.5": 0.6607604676512707, "0.75": 0.6607604676512707}], [409, {"0.25": 0.7899896713456035, "0.5": 0.6593481847719136, "0.75": 0.6593481847719136}], [419, {"0.25": 0.7787600896532529, "0.5": 0.6117589323645313, "0.75": 0.6117589323645313}], [429, {"0.25": 0.7906025513203977, "0.5": 0.6617583147991922, "0.75": 0.6617583147991922}], [439, {"0.25": 0.7908277800199752, "0.5": 0.6478396479605407, "0.75": 0.6478396479605407}], [449, {"0.25": 0.7821330467433155, "0.5": 0.6644892442842663, "0.75": 0.6644892442842663}], [459, {"0.25": 0.7591590612777054, "0.5": 0.640547588005215, "0.75": 0.640547588005215}], [469, {"0.25": 0.7957308753524757, "0.5": 0.6844869015493769, "0.75": 0.6844869015493769}], [479, {"0.25": 0.7727242832106284, "0.5": 0.6554033403100445, "0.75": 0.6554033403100445}], [489, {"0.25": 0.7565504479118476, "0.5": 0.612868815165152, "0.75": 0.612868815165152}], [499, {"0.25": 0.7877163197733861, "0.5": 0.6288932869349892, "0.75": 0.6288932869349892}], [509, {"0.25": 0.8161868028393453, "0.5": 0.6475517890772129, "0.75": 0.6475517890772129}], [519, {"0.25": 0.7907515726740978, "0.5": 0.6648310228788307, "0.75": 0.6648310228788307}], [529, {"0.25": 0.775956252204637, "0.5": 0.6555932982930018, "0.75": 0.6555932982930018}], [539, {"0.25": 0.8153642727028951, "0.5": 0.6613294867171535, "0.75": 0.6613294867171535}], [549, {"0.25": 0.7747981085446302, "0.5": 0.6411411002354589, "0.75": 0.6411411002354589}], [559, {"0.25": 0.7915188684055269, "0.5": 0.668708528475596, "0.75": 0.668708528475596}], [569, {"0.25": 0.7982052981579542, "0.5": 0.6799800426824383, "0.75": 0.6799800426824383}], [579, {"0.25": 0.7410179016865805, "0.5": 0.6312443071207873, "0.75": 0.6312443071207873}], [589, {"0.25": 0.8011934891296806, "0.5": 0.6661626841088456, "0.75": 0.6661626841088456}], [599, {"0.25": 0.8246700291402836, "0.5": 0.6748546881574096, "0.75": 0.6748546881574096}]], "stats": [[29, [{"0.25": 537, "0.5": 481, "0.75": 481}, {"0.25": 41, "0.5": 97, "0.75": 97}, {"0.25": 230, "0.5": 286, "0.75": 286}]], [39, [{"0.25": 539, "0.5": 489, "0.75": 489}, {"0.25": 35, "0.5": 85, "0.75": 85}, {"0.25": 228, "0.5": 278, "0.75": 278}]], [49, [{"0.25": 555, "0.5": 498, "0.75": 498}, {"0.25": 33, "0.5": 90, "0.75": 90}, {"0.25": 212, "0.5": 269, "0.75": 269}]], [59, [{"0.25": 557, "0.5": 506, "0.75": 506}, {"0.25": 36, "0.5": 87, "0.75": 87}, {"0.25": 210, "0.5": 261, "0.75": 261}]], [69, [{"0.25": 560, "0.5": 501, "0.75": 501}, {"0.25": 29, "0.5": 88, "0.75": 88}, {"0.25": 207, "0.5": 266, "0.75": 266}]], [79, [{"0.25": 580, "0.5": 518, "0.75": 518}, {"0.25": 38, "0.5": 100, "0.75": 100}, {"0.25": 187, "0.5": 249, "0.75": 249}]], [89, [{"0.25": 581, "0.5": 529, "0.75": 529}, {"0.25": 34, "0.5": 86, "0.75": 86}, {"0.25": 186, "0.5": 238, "0.75": 238}]], [99, [{"0.25": 555, "0.5": 510, "0.75": 510}, {"0.25": 27, "0.5": 72, "0.75": 72}, {"0.25": 212, "0.5": 257, "0.75": 257}]], [109, [{"0.25": 622, "0.5": 564, "0.75": 564}, {"0.25": 46, "0.5": 104, "0.75": 104}, {"0.25": 145, "0.5": 203, "0.75": 203}]], [119, [{"0.25": 620, "0.5": 565, "0.75": 565}, {"0.25": 54, "0.5": 109, "0.75": 109}, {"0.25": 147, "0.5": 202, "0.75": 202}]], [129, [{"0.25": 624, "0.5": 562, "0.75": 562}, {"0.25": 46, "0.5": 108, "0.75": 108}, {"0.25": 143, "0.5": 205, "0.75": 205}]], [139, [{"0.25": 599, "0.5": 537, "0.75": 537}, {"0.25": 35, "0.5": 97, "0.75": 97}, {"0.25": 168, "0.5": 230, "0.75": 230}]], [149, [{"0.25": 596, "0.5": 543, "0.75": 543}, {"0.25": 33, "0.5": 86, "0.75": 86}, {"0.25": 171, "0.5": 224, "0.75": 224}]], [159, [{"0.25": 622, "0.5": 564, "0.75": 564}, {"0.25": 57, "0.5": 115, "0.75": 115}, {"0.25": 145, "0.5": 203, "0.75": 203}]], [169, [{"0.25": 590, "0.5": 532, "0.75": 532}, {"0.25": 31, "0.5": 89, "0.75": 89}, {"0.25": 177, "0.5": 235, "0.75": 235}]], [179, [{"0.25": 651, "0.5": 586, "0.75": 586}, {"0.25": 38, "0.5": 103, "0.75": 103}, {"0.25": 116, "0.5": 181, "0.75": 181}]], [189, [{"0.25": 636, "0.5": 569, "0.75": 569}, {"0.25": 42, "0.5": 109, "0.75": 109}, {"0.25": 131, "0.5": 198, "0.75": 198}]], [199, [{"0.25": 620, "0.5": 564, "0.75": 564}, {"0.25": 44, "0.5": 100, "0.75": 100}, {"0.25": 147, "0.5": 203,