{"config": {"size_value": [110, 200], "dropout_rate": 0.0, "dropout_strategy": "all", "layers_filters": [8, 8, 8, 8], "expansions": [1, 6, 6], "use_mobile_net": false, "use_resnet": true, "use_additional_output": false}, "nn_fps": 34.788507713692546, "prediction_count": 543, "last_mAP": {"0.25": 0.583697695693201, "0.5": 0.44013671439361796, "0.75": 0.44013671439361796}, "mAPs": [[29, {"0.25": 0.3529734920653907, "0.5": 0.262520085004924, "0.75": 0.262520085004924}], [39, {"0.25": 0.36968621333273044, "0.5": 0.28956910631251764, "0.75": 0.28956910631251764}], [49, {"0.25": 0.42771760878825826, "0.5": 0.3084410135928847, "0.75": 0.3084410135928847}], [59, {"0.25": 0.43135834661258393, "0.5": 0.3136703848568255, "0.75": 0.3136703848568255}], [69, {"0.25": 0.42280244287380775, "0.5": 0.3111233102312496, "0.75": 0.3111233102312496}], [79, {"0.25": 0.3895662300846748, "0.5": 0.31131108100200827, "0.75": 0.31131108100200827}], [89, {"0.25": 0.46337682239770966, "0.5": 0.3293279439760271, "0.75": 0.3293279439760271}], [99, {"0.25": 0.46846575180101996, "0.5": 0.33705258637345936, "0.75": 0.33705258637345936}], [109, {"0.25": 0.5123017914741144, "0.5": 0.3552608531237861, "0.75": 0.3552608531237861}], [119, {"0.25": 0.4889235378758781, "0.5": 0.34376258427727874, "0.75": 0.34376258427727874}], [129, {"0.25": 0.4882019902618705, "0.5": 0.35563971801409927, "0.75": 0.35563971801409927}], [139, {"0.25": 0.4668972960075852, "0.5": 0.3469806745146668, "0.75": 0.3469806745146668}], [149, {"0.25": 0.4611760831520075, "0.5": 0.3388612571135251, "0.75": 0.3388612571135251}], [159, {"0.25": 0.5441408719893297, "0.5": 0.3725515986128174, "0.75": 0.3725515986128174}], [169, {"0.25": 0.5518640071533116, "0.5": 0.3916737850110147, "0.75": 0.3916737850110147}], [179, {"0.25": 0.5354454808980407, "0.5": 0.40679313005999185, "0.75": 0.40679313005999185}], [189, {"0.25": 0.5193947203224635, "0.5": 0.3818815617923557, "0.75": 0.3818815617923557}], [199, {"0.25": 0.5288051397109975, "0.5": 0.3915525193984389, "0.75": 0.3915525193984389}], [209, {"0.25": 0.5364930015025373, "0.5": 0.40146445438660083, "0.75": 0.40146445438660083}], [219, {"0.25": 0.5369986195260373, "0.5": 0.39037482333220125, "0.75": 0.39037482333220125}], [229, {"0.25": 0.48751233258313154, "0.5": 0.37344841670394663, "0.75": 0.37344841670394663}], [239, {"0.25": 0.550464684257694, "0.5": 0.39536961798433895, "0.75": 0.39536961798433895}], [249, {"0.25": 0.5491118193612137, "0.5": 0.3884453952378722, "0.75": 0.3884453952378722}], [259, {"0.25": 0.5399642900153416, "0.5": 0.39412932041071724, "0.75": 0.39412932041071724}], [269, {"0.25": 0.5598615006533455, "0.5": 0.39506457772271597, "0.75": 0.39506457772271597}], [279, {"0.25": 0.5561800579896535, "0.5": 0.4115227680893448, "0.75": 0.4115227680893448}], [289, {"0.25": 0.5320898590638152, "0.5": 0.3812430277911882, "0.75": 0.3812430277911882}], [299, {"0.25": 0.467403891012874, "0.5": 0.36977014750255593, "0.75": 0.36977014750255593}], [309, {"0.25": 0.5266084366767392, "0.5": 0.3836782920469361, "0.75": 0.3836782920469361}], [319, {"0.25": 0.5544358055511613, "0.5": 0.3883697406988192, "0.75": 0.3883697406988192}], [329, {"0.25": 0.5681637821485688, "0.5": 0.4043608712464767, "0.75": 0.4043608712464767}], [339, {"0.25": 0.5356628600451349, "0.5": 0.4064131362477288, "0.75": 0.4064131362477288}], [349, {"0.25": 0.5180269415682031, "0.5": 0.3976452925605468, "0.75": 0.3976452925605468}], [359, {"0.25": 0.5333305445539207, "0.5": 0.3716156026145743, "0.75": 0.3716156026145743}], [369, {"0.25": 0.5627939000629917, "0.5": 0.41674601663175265, "0.75": 0.41674601663175265}], [379, {"0.25": 0.5478461603034416, "0.5": 0.4176902490907843, "0.75": 0.4176902490907843}], [389, {"0.25": 0.5778201631022915, "0.5": 0.4282724784333881, "0.75": 0.4282724784333881}], [399, {"0.25": 0.5623289667342852, "0.5": 0.4314428509343764, "0.75": 0.4314428509343764}], [409, {"0.25": 0.5525577267280588, "0.5": 0.39626906099258424, "0.75": 0.39626906099258424}], [419, {"0.25": 0.557270134242665, "0.5": 0.4306948003616619, "0.75": 0.4306948003616619}], [429, {"0.25": 0.5750712049924184, "0.5": 0.41248102128714403, "0.75": 0.41248102128714403}], [439, {"0.25": 0.5548051096814642, "0.5": 0.41891978541047725, "0.75": 0.41891978541047725}], [449, {"0.25": 0.5672277319582595, "0.5": 0.3926016534091186, "0.75": 0.3926016534091186}], [459, {"0.25": 0.5206954598716024, "0.5": 0.397702704932913, "0.75": 0.397702704932913}], [469, {"0.25": 0.5481577677627324, "0.5": 0.41916044718660495, "0.75": 0.41916044718660495}], [479, {"0.25": 0.5618384577410412, "0.5": 0.4381109099884811, "0.75": 0.4381109099884811}], [489, {"0.25": 0.5934280209066469, "0.5": 0.44471853330410405, "0.75": 0.44471853330410405}], [499, {"0.25": 0.5542103188358231, "0.5": 0.41632060944546023, "0.75": 0.41632060944546023}], [509, {"0.25": 0.5680170913553635, "0.5": 0.4380128476227894, "0.75": 0.4380128476227894}], [519, {"0.25": 0.5588000219794492, "0.5": 0.423963594039573, "0.75": 0.423963594039573}], [529, {"0.25": 0.5882417859878336, "0.5": 0.39895697522816165, "0.75": 0.39895697522816165}], [539, {"0.25": 0.5922045405387658, "0.5": 0.4614194824400604, "0.75": 0.4614194824400604}], [549, {"0.25": 0.5902889352289921, "0.5": 0.4632626316966522, "0.75": 0.4632626316966522}], [559, {"0.25": 0.5282350886331477, "0.5": 0.4352912897274939, "0.75": 0.4352912897274939}], [569, {"0.25": 0.5457144013778497, "0.5": 0.4013274126383081, "0.75": 0.4013274126383081}], [579, {"0.25": 0.5959579800257766, "0.5": 0.4589402962284318, "0.75": 0.4589402962284318}], [589, {"0.25": 0.5755055514651024, "0.5": 0.4294429455176108, "0.75": 0.4294429455176108}], [599, {"0.25": 0.583697695693201, "0.5": 0.44013671439361796, "0.75": 0.44013671439361796}]], "stats": [[29, [{"0.25": 297, "0.5": 256, "0.75": 256}, {"0.25": 30, "0.5": 71, "0.75": 71}, {"0.25": 470, "0.5": 511, "0.75": 511}]], [39, [{"0.25": 313, "0.5": 277, "0.75": 277}, {"0.25": 33, "0.5": 69, "0.75": 69}, {"0.25": 454, "0.5": 490, "0.75": 490}]], [49, [{"0.25": 364, "0.5": 309, "0.75": 309}, {"0.25": 40, "0.5": 95, "0.75": 95}, {"0.25": 403, "0.5": 458, "0.75": 458}]], [59, [{"0.25": 366, "0.5": 312, "0.75": 312}, {"0.25": 39, "0.5": 93, "0.75": 93}, {"0.25": 401, "0.5": 455, "0.75": 455}]], [69, [{"0.25": 351, "0.5": 301, "0.75": 301}, {"0.25": 29, "0.5": 79, "0.75": 79}, {"0.25": 416, "0.5": 466, "0.75": 466}]], [79, [{"0.25": 318, "0.5": 284, "0.75": 284}, {"0.25": 22, "0.5": 56, "0.75": 56}, {"0.25": 449, "0.5": 483, "0.75": 483}]], [89, [{"0.25": 395, "0.5": 333, "0.75": 333}, {"0.25": 44, "0.5": 106, "0.75": 106}, {"0.25": 372, "0.5": 434, "0.75": 434}]], [99, [{"0.25": 397, "0.5": 337, "0.75": 337}, {"0.25": 43, "0.5": 103, "0.75": 103}, {"0.25": 370, "0.5": 430, "0.75": 430}]], [109, [{"0.25": 425, "0.5": 354, "0.75": 354}, {"0.25": 37, "0.5": 108, "0.75": 108}, {"0.25": 342, "0.5": 413, "0.75": 413}]], [119, [{"0.25": 404, "0.5": 339, "0.75": 339}, {"0.25": 32, "0.5": 97, "0.75": 97}, {"0.25": 363, "0.5": 428, "0.75": 428}]], [129, [{"0.25": 411, "0.5": 350, "0.75": 350}, {"0.25": 41, "0.5": 102, "0.75": 102}, {"0.25": 356, "0.5": 417, "0.75": 417}]], [139, [{"0.25": 392, "0.5": 338, "0.75": 338}, {"0.25": 38, "0.5": 92, "0.75": 92}, {"0.25": 375, "0.5": 429, "0.75": 429}]], [149, [{"0.25": 382, "0.5": 328, "0.75": 328}, {"0.25": 33, "0.5": 87, "0.75": 87}, {"0.25": 385, "0.5": 439, "0.75": 439}]], [159, [{"0.25": 461, "0.5": 382, "0.75": 382}, {"0.25": 50, "0.5": 129, "0.75": 129}, {"0.25": 306, "0.5": 385, "0.75": 385}]], [169, [{"0.25": 470, "0.5": 396, "0.75": 396}, {"0.25": 53, "0.5": 127, "0.75": 127}, {"0.25": 297, "0.5": 371, "0.75": 371}]], [179, [{"0.25": 446, "0.5": 389, "0.75": 389}, {"0.25": 39, "0.5": 96, "0.75": 96}, {"0.25": 321, "0.5": 378, "0.75": 378}]], [189, [{"0.25": 434, "0.5": 373, "0.75": 373}, {"0.25": 41, "0.5": 102, "0.75": 102}, {"0.25": 333, "0.5": 394, "0.75": 394}]], [199, [{"0.25": 438, "0.5": 377, "0.75": 377}, {"0.25": 36, "0.5": 97,