{"config": {"size_value": [110, 200], "dropout_rate": 0.0, "dropout_strategy": "all", "layers_filters": [6, 6, 10, 10], "expansions": [1, 6, 6], "use_mobile_net": false, "use_resnet": true, "use_additional_output": false}, "nn_fps": 42.17440676417214, "prediction_count": 532, "last_mAP": {"0.25": 0.5884169354285321, "0.5": 0.4787817000127437, "0.75": 0.4787817000127437}, "mAPs": [[29, {"0.25": 0.4243619189605819, "0.5": 0.29709827654426696, "0.75": 0.29709827654426696}], [39, {"0.25": 0.48936941851640375, "0.5": 0.3764008238167727, "0.75": 0.3764008238167727}], [49, {"0.25": 0.4440831728967322, "0.5": 0.32247810213911904, "0.75": 0.32247810213911904}], [59, {"0.25": 0.4843221235126351, "0.5": 0.36910249886333185, "0.75": 0.36910249886333185}], [69, {"0.25": 0.4680022770259103, "0.5": 0.3663930562951809, "0.75": 0.3663930562951809}], [79, {"0.25": 0.5365223086965835, "0.5": 0.38263995891114533, "0.75": 0.38263995891114533}], [89, {"0.25": 0.451038010229666, "0.5": 0.36173570019723866, "0.75": 0.36173570019723866}], [99, {"0.25": 0.4992112947340336, "0.5": 0.3779496965039675, "0.75": 0.3779496965039675}], [109, {"0.25": 0.5614799075735475, "0.5": 0.4258407321827359, "0.75": 0.4258407321827359}], [119, {"0.25": 0.5142703555253141, "0.5": 0.39269882659713173, "0.75": 0.39269882659713173}], [129, {"0.25": 0.5370602433006131, "0.5": 0.40370338444298376, "0.75": 0.40370338444298376}], [139, {"0.25": 0.5319672332783942, "0.5": 0.4093626233056997, "0.75": 0.4093626233056997}], [149, {"0.25": 0.5339459741381365, "0.5": 0.40605164744212574, "0.75": 0.40605164744212574}], [159, {"0.25": 0.5075489482269143, "0.5": 0.37829966643525964, "0.75": 0.37829966643525964}], [169, {"0.25": 0.5149502782917598, "0.5": 0.3890994335550498, "0.75": 0.3890994335550498}], [179, {"0.25": 0.5259549166824311, "0.5": 0.3863432870988518, "0.75": 0.3863432870988518}], [189, {"0.25": 0.47882697591969087, "0.5": 0.38165339679244564, "0.75": 0.38165339679244564}], [199, {"0.25": 0.5602285691003911, "0.5": 0.41974617014341586, "0.75": 0.41974617014341586}], [209, {"0.25": 0.5711715265783689, "0.5": 0.42982435039474254, "0.75": 0.42982435039474254}], [219, {"0.25": 0.5578001298823623, "0.5": 0.4248343008412609, "0.75": 0.4248343008412609}], [229, {"0.25": 0.5699217980710025, "0.5": 0.42520958964553607, "0.75": 0.42520958964553607}], [239, {"0.25": 0.5584224496787376, "0.5": 0.4215150422256891, "0.75": 0.4215150422256891}], [249, {"0.25": 0.6033288297175508, "0.5": 0.45294951851597703, "0.75": 0.45294951851597703}], [259, {"0.25": 0.5919627771575646, "0.5": 0.42196433260696303, "0.75": 0.42196433260696303}], [269, {"0.25": 0.5586423838137368, "0.5": 0.4363711075391978, "0.75": 0.4363711075391978}], [279, {"0.25": 0.571460016980598, "0.5": 0.4516814904224105, "0.75": 0.4516814904224105}], [289, {"0.25": 0.5786806468886125, "0.5": 0.4630042028715573, "0.75": 0.4630042028715573}], [299, {"0.25": 0.5634658338639419, "0.5": 0.44271449218236764, "0.75": 0.44271449218236764}], [309, {"0.25": 0.5434997020300989, "0.5": 0.41222379231107537, "0.75": 0.41222379231107537}], [319, {"0.25": 0.5898007176708606, "0.5": 0.4502922802056524, "0.75": 0.4502922802056524}], [329, {"0.25": 0.5908358839565222, "0.5": 0.4478894319372883, "0.75": 0.4478894319372883}], [339, {"0.25": 0.543280464804243, "0.5": 0.42764268806723965, "0.75": 0.42764268806723965}], [349, {"0.25": 0.5632051360497791, "0.5": 0.39753787789644124, "0.75": 0.39753787789644124}], [359, {"0.25": 0.5973770283312928, "0.5": 0.4584784827428531, "0.75": 0.4584784827428531}], [369, {"0.25": 0.584528465884398, "0.5": 0.4512622761210332, "0.75": 0.4512622761210332}], [379, {"0.25": 0.5955894306907836, "0.5": 0.46079338205688686, "0.75": 0.46079338205688686}], [389, {"0.25": 0.5674475171856349, "0.5": 0.4691834727619886, "0.75": 0.4691834727619886}], [399, {"0.25": 0.5738515569024044, "0.5": 0.44276166649048004, "0.75": 0.44276166649048004}], [409, {"0.25": 0.6285093437635809, "0.5": 0.46918376216197044, "0.75": 0.46918376216197044}], [419, {"0.25": 0.5739050654304891, "0.5": 0.4361032960497724, "0.75": 0.4361032960497724}], [429, {"0.25": 0.5359281495427031, "0.5": 0.4232749886724826, "0.75": 0.4232749886724826}], [439, {"0.25": 0.6101058924539702, "0.5": 0.47880242948452945, "0.75": 0.47880242948452945}], [449, {"0.25": 0.6171286340777866, "0.5": 0.4773479454053118, "0.75": 0.4773479454053118}], [459, {"0.25": 0.6324063223483009, "0.5": 0.46754288955678047, "0.75": 0.46754288955678047}], [469, {"0.25": 0.6105070185772242, "0.5": 0.450706711052577, "0.75": 0.450706711052577}], [479, {"0.25": 0.5756959889562083, "0.5": 0.4576870350487001, "0.75": 0.4576870350487001}], [489, {"0.25": 0.5656177579711666, "0.5": 0.44328576089090227, "0.75": 0.44328576089090227}], [499, {"0.25": 0.5218942086604624, "0.5": 0.43405536502476944, "0.75": 0.43405536502476944}], [509, {"0.25": 0.5894828469392209, "0.5": 0.4886720472735072, "0.75": 0.4886720472735072}], [519, {"0.25": 0.5782979292456192, "0.5": 0.44767404029912256, "0.75": 0.44767404029912256}], [529, {"0.25": 0.5597742122675993, "0.5": 0.44127835849203545, "0.75": 0.44127835849203545}], [539, {"0.25": 0.6029362538263126, "0.5": 0.49099876175919144, "0.75": 0.49099876175919144}], [549, {"0.25": 0.6247767081412157, "0.5": 0.5046384940776469, "0.75": 0.5046384940776469}], [559, {"0.25": 0.603881514695199, "0.5": 0.4808690590165354, "0.75": 0.4808690590165354}], [569, {"0.25": 0.5791592167259685, "0.5": 0.45007233305352645, "0.75": 0.45007233305352645}], [579, {"0.25": 0.5937333555531593, "0.5": 0.4855162678534668, "0.75": 0.4855162678534668}], [589, {"0.25": 0.6140523577259843, "0.5": 0.4891180767919838, "0.75": 0.4891180767919838}], [599, {"0.25": 0.5884169354285321, "0.5": 0.4787817000127437, "0.75": 0.4787817000127437}]], "stats": [[29, [{"0.25": 362, "0.5": 303, "0.75": 303}, {"0.25": 42, "0.5": 101, "0.75": 101}, {"0.25": 405, "0.5": 464, "0.75": 464}]], [39, [{"0.25": 402, "0.5": 353, "0.75": 353}, {"0.25": 30, "0.5": 79, "0.75": 79}, {"0.25": 365, "0.5": 414, "0.75": 414}]], [49, [{"0.25": 372, "0.5": 317, "0.75": 317}, {"0.25": 35, "0.5": 90, "0.75": 90}, {"0.25": 395, "0.5": 450, "0.75": 450}]], [59, [{"0.25": 401, "0.5": 350, "0.75": 350}, {"0.25": 32, "0.5": 83, "0.75": 83}, {"0.25": 366, "0.5": 417, "0.75": 417}]], [69, [{"0.25": 391, "0.5": 346, "0.75": 346}, {"0.25": 35, "0.5": 80, "0.75": 80}, {"0.25": 376, "0.5": 421, "0.75": 421}]], [79, [{"0.25": 451, "0.5": 381, "0.75": 381}, {"0.25": 44, "0.5": 114, "0.75": 114}, {"0.25": 316, "0.5": 386, "0.75": 386}]], [89, [{"0.25": 367, "0.5": 328, "0.75": 328}, {"0.25": 23, "0.5": 62, "0.75": 62}, {"0.25": 400, "0.5": 439, "0.75": 439}]], [99, [{"0.25": 416, "0.5": 362, "0.75": 362}, {"0.25": 37, "0.5": 91, "0.75": 91}, {"0.25": 351, "0.5": 405, "0.75": 405}]], [109, [{"0.25": 466, "0.5": 406, "0.75": 406}, {"0.25": 39, "0.5": 99, "0.75": 99}, {"0.25": 301, "0.5": 361, "0.75": 361}]], [119, [{"0.25": 430, "0.5": 376, "0.75": 376}, {"0.25": 40, "0.5": 94, "0.75": 94}, {"0.25": 337, "0.5": 391, "0.75": 391}]], [129, [{"0.25": 446, "0.5": 387, "0.75": 387}, {"0.25": 38, "0.5": 97, "0.75": 97}, {"0.25": 321, "0.5": 380, "0.75": 380}]], [139, [{"0.25": 441, "0.5": 387, "0.75": 387}, {"0.25": 36, "0.5": 90, "0.75": 90}, {"0.25": 326, "0.5": 380, "0.75": 380}]], [149, [{"0.25": 439, "0.5": 383, "0.75": 383}, {"0.25": 32, "0.5": 88, "0.75": 88}, {"0.25": 328, "0.5": 384, "0.75": 384}]], [159, [{"0.25": 424, "0.5": 366, "0.75": 366}, {"0.25": 38, "0.5": 96, "0.75": 96}, {"0.25": 343, "0.5": 401, "0.75": 401}]], [169, [{"0.25": 431, "0.5": 375, "0.75": 375}, {"0.25": 41, "0.5": 97, "0.75": 97}, {"0.25": 336, "0.5": 392, "0.75": 392}]], [179, [{"0.25": 448, "0.5": 384, "0.75": 384}, {"0.25": 50, "0.5": 114, "0.75": 114}, {"0.25": 319, "0.5": 383, "0.75": 383}]], [189, [{"0.25": 388, "0.5": 347, "0.75": 347}, {"0.25": 24, "0.5": 65, "0.75": 65}, {"0.25": 379, "0.5": 420, "0.75": 420}]], [199, [{"0.25": 469, "0.5": 406, "0.75": 406}, {"0.25": 43, "0.5": 106,