{"config": {"size_value": [110, 200], "dropout_rate": 0.0, "dropout_strategy": "all", "layers_filters": [8, 8, 16, 16], "expansions": [1, 6, 6], "use_mobile_net": false, "use_resnet": true, "use_additional_output": false}, "nn_fps": 34.51368347026088, "prediction_count": 617, "last_mAP": {"0.25": 0.6773744344823651, "0.5": 0.5546013747810302, "0.75": 0.5546013747810302}, "mAPs": [[29, {"0.25": 0.3864653970098698, "0.5": 0.27612927045955393, "0.75": 0.27612927045955393}], [39, {"0.25": 0.40538643966394616, "0.5": 0.2849498007498582, "0.75": 0.2849498007498582}], [49, {"0.25": 0.45843567483914727, "0.5": 0.32216679143509985, "0.75": 0.32216679143509985}], [59, {"0.25": 0.46264858486563837, "0.5": 0.3297316273989702, "0.75": 0.3297316273989702}], [69, {"0.25": 0.45554281579259276, "0.5": 0.32636008059736876, "0.75": 0.32636008059736876}], [79, {"0.25": 0.48338586717130544, "0.5": 0.33622833531009677, "0.75": 0.33622833531009677}], [89, {"0.25": 0.5000572790800434, "0.5": 0.3476267367835342, "0.75": 0.3476267367835342}], [99, {"0.25": 0.4799533024857053, "0.5": 0.34399366004550447, "0.75": 0.34399366004550447}], [109, {"0.25": 0.5007400955370999, "0.5": 0.3595265593688928, "0.75": 0.3595265593688928}], [119, {"0.25": 0.4981156934056131, "0.5": 0.35968983737047966, "0.75": 0.35968983737047966}], [129, {"0.25": 0.5110604536940914, "0.5": 0.36539206943379043, "0.75": 0.36539206943379043}], [139, {"0.25": 0.500952763012737, "0.5": 0.3650698135704655, "0.75": 0.3650698135704655}], [149, {"0.25": 0.48896444915295795, "0.5": 0.3713246918479048, "0.75": 0.3713246918479048}], [159, {"0.25": 0.5237689953265305, "0.5": 0.37465858952625175, "0.75": 0.37465858952625175}], [169, {"0.25": 0.5290775347272522, "0.5": 0.40024466013166576, "0.75": 0.40024466013166576}], [179, {"0.25": 0.5324408263639351, "0.5": 0.3907526950106529, "0.75": 0.3907526950106529}], [189, {"0.25": 0.5368225749410132, "0.5": 0.40348853781228716, "0.75": 0.40348853781228716}], [199, {"0.25": 0.5323214878257165, "0.5": 0.40642170912881825, "0.75": 0.40642170912881825}], [209, {"0.25": 0.5547371979129337, "0.5": 0.417203670548898, "0.75": 0.417203670548898}], [219, {"0.25": 0.5744055551153594, "0.5": 0.39029151389859323, "0.75": 0.39029151389859323}], [229, {"0.25": 0.5719447821904496, "0.5": 0.43479874407316804, "0.75": 0.43479874407316804}], [239, {"0.25": 0.5508371101591439, "0.5": 0.41034539848099166, "0.75": 0.41034539848099166}], [249, {"0.25": 0.5558167592065898, "0.5": 0.42297221788747214, "0.75": 0.42297221788747214}], [259, {"0.25": 0.5401025499406528, "0.5": 0.4018114854871388, "0.75": 0.4018114854871388}], [269, {"0.25": 0.5429801218052901, "0.5": 0.408795291079944, "0.75": 0.408795291079944}], [279, {"0.25": 0.5423207301173403, "0.5": 0.4153898305084746, "0.75": 0.4153898305084746}], [289, {"0.25": 0.5547473190844446, "0.5": 0.4153184482880327, "0.75": 0.4153184482880327}], [299, {"0.25": 0.555142949317848, "0.5": 0.40273533246414606, "0.75": 0.40273533246414606}], [309, {"0.25": 0.5874560033621311, "0.5": 0.45601052576280743, "0.75": 0.45601052576280743}], [319, {"0.25": 0.5940756939221701, "0.5": 0.4339770947257839, "0.75": 0.4339770947257839}], [329, {"0.25": 0.577356862783112, "0.5": 0.4462662912035982, "0.75": 0.4462662912035982}], [339, {"0.25": 0.5556605172965673, "0.5": 0.42945660178990125, "0.75": 0.42945660178990125}], [349, {"0.25": 0.5947043553774528, "0.5": 0.46007668198277696, "0.75": 0.46007668198277696}], [359, {"0.25": 0.5656419215995641, "0.5": 0.4479603016046916, "0.75": 0.4479603016046916}], [369, {"0.25": 0.5781357600697516, "0.5": 0.46625067514314666, "0.75": 0.46625067514314666}], [379, {"0.25": 0.5949613162748423, "0.5": 0.45437998141526903, "0.75": 0.45437998141526903}], [389, {"0.25": 0.5490328767051704, "0.5": 0.43715897679757604, "0.75": 0.43715897679757604}], [399, {"0.25": 0.6113595184998308, "0.5": 0.4718514161230316, "0.75": 0.4718514161230316}], [409, {"0.25": 0.5820519443928281, "0.5": 0.45958738915455316, "0.75": 0.45958738915455316}], [419, {"0.25": 0.5526340489985059, "0.5": 0.4368551583474861, "0.75": 0.4368551583474861}], [429, {"0.25": 0.6228596777111093, "0.5": 0.4847501697006469, "0.75": 0.4847501697006469}], [439, {"0.25": 0.6184860957595085, "0.5": 0.4855501448901461, "0.75": 0.4855501448901461}], [449, {"0.25": 0.6317356298176994, "0.5": 0.49364633130522956, "0.75": 0.49364633130522956}], [459, {"0.25": 0.5957253772489384, "0.5": 0.4625461457273713, "0.75": 0.4625461457273713}], [469, {"0.25": 0.5985135953021768, "0.5": 0.48754503699199386, "0.75": 0.48754503699199386}], [479, {"0.25": 0.6512570929820017, "0.5": 0.5014877033212678, "0.75": 0.5014877033212678}], [489, {"0.25": 0.6604396578069657, "0.5": 0.5434593654932638, "0.75": 0.5434593654932638}], [499, {"0.25": 0.6512797973117177, "0.5": 0.5143722305219983, "0.75": 0.5143722305219983}], [509, {"0.25": 0.6558114854399077, "0.5": 0.5233058188566663, "0.75": 0.5233058188566663}], [519, {"0.25": 0.6613643450436442, "0.5": 0.5177182368193604, "0.75": 0.5177182368193604}], [529, {"0.25": 0.6481510249213013, "0.5": 0.4916783897772977, "0.75": 0.4916783897772977}], [539, {"0.25": 0.6364211093195281, "0.5": 0.49564677161082576, "0.75": 0.49564677161082576}], [549, {"0.25": 0.6381108280452836, "0.5": 0.5032461258603955, "0.75": 0.5032461258603955}], [559, {"0.25": 0.6534780412746514, "0.5": 0.5071838331160365, "0.75": 0.5071838331160365}], [569, {"0.25": 0.634139499797952, "0.5": 0.5021390156453716, "0.75": 0.5021390156453716}], [579, {"0.25": 0.6650360600035077, "0.5": 0.526163312829247, "0.75": 0.526163312829247}], [589, {"0.25": 0.6872024033503713, "0.5": 0.5311294485677732, "0.75": 0.5311294485677732}], [599, {"0.25": 0.6773744344823651, "0.5": 0.5546013747810302, "0.75": 0.5546013747810302}]], "stats": [[29, [{"0.25": 316, "0.5": 267, "0.75": 267}, {"0.25": 23, "0.5": 72, "0.75": 72}, {"0.25": 451, "0.5": 500, "0.75": 500}]], [39, [{"0.25": 331, "0.5": 278, "0.75": 278}, {"0.25": 23, "0.5": 76, "0.75": 76}, {"0.25": 436, "0.5": 489, "0.75": 489}]], [49, [{"0.25": 378, "0.5": 316, "0.75": 316}, {"0.25": 30, "0.5": 92, "0.75": 92}, {"0.25": 389, "0.5": 451, "0.75": 451}]], [59, [{"0.25": 379, "0.5": 321, "0.75": 321}, {"0.25": 29, "0.5": 87, "0.75": 87}, {"0.25": 388, "0.5": 446, "0.75": 446}]], [69, [{"0.25": 382, "0.5": 323, "0.75": 323}, {"0.25": 36, "0.5": 95, "0.75": 95}, {"0.25": 385, "0.5": 444, "0.75": 444}]], [79, [{"0.25": 405, "0.5": 338, "0.75": 338}, {"0.25": 38, "0.5": 105, "0.75": 105}, {"0.25": 362, "0.5": 429, "0.75": 429}]], [89, [{"0.25": 428, "0.5": 357, "0.75": 357}, {"0.25": 50, "0.5": 121, "0.75": 121}, {"0.25": 339, "0.5": 410, "0.75": 410}]], [99, [{"0.25": 411, "0.5": 348, "0.75": 348}, {"0.25": 48, "0.5": 111, "0.75": 111}, {"0.25": 356, "0.5": 419, "0.75": 419}]], [109, [{"0.25": 426, "0.5": 361, "0.75": 361}, {"0.25": 47, "0.5": 112, "0.75": 112}, {"0.25": 341, "0.5": 406, "0.75": 406}]], [119, [{"0.25": 426, "0.5": 362, "0.75": 362}, {"0.25": 49, "0.5": 113, "0.75": 113}, {"0.25": 341, "0.5": 405, "0.75": 405}]], [129, [{"0.25": 434, "0.5": 367, "0.75": 367}, {"0.25": 47, "0.5": 114, "0.75": 114}, {"0.25": 333, "0.5": 400, "0.75": 400}]], [139, [{"0.25": 424, "0.5": 362, "0.75": 362}, {"0.25": 44, "0.5": 106, "0.75": 106}, {"0.25": 343, "0.5": 405, "0.75": 405}]], [149, [{"0.25": 415, "0.5": 361, "0.75": 361}, {"0.25": 45, "0.5": 99, "0.75": 99}, {"0.25": 352, "0.5": 406, "0.75": 406}]], [159, [{"0.25": 438, "0.5": 370, "0.75": 370}, {"0.25": 41, "0.5": 109, "0.75": 109}, {"0.25": 329, "0.5": 397, "0.75": 397}]], [169, [{"0.25": 444, "0.5": 386, "0.75": 386}, {"0.25": 42, "0.5": 100, "0.75": 100}, {"0.25": 323, "0.5": 381, "0.75": 381}]], [179, [{"0.25": 448, "0.5": 384, "0.75": 384}, {"0.25": 44, "0.5": 108, "0.75": 108}, {"0.25": 319, "0.5": 383, "0.75": 383}]], [189, [{"0.25": 451, "0.5": 391, "0.75": 391}, {"0.25": 43, "0.5": 103, "0.75": 103}, {"0.25": 316, "0.5": 376, "0.75": 376}]], [199, [{"0.25": 451, "0.5": 394, "0.75": 394}, {"0.25": 48, "0.5": 105,